merchant_name,canonical_category,region,contact_phone,contact_email,registration_date,region_pic_email,source_submission_id,duplicates_collapsed
Sejahtera Bahagia Trading,Fashion & Apparel,Southern,070457621,sejahterabah99@gmail.com,2026-05-06,devraj.pillai@example-ops.test,A001,1
Restoran Impian Trading,Health & Beauty,Sarawak,0829382932,restoranimpi30@outlook.com,2026-03-01,margaret.anyi@example-ops.test,A006,0
Gerai Anugerah Trading,Grocery & Convenience,Southern,073743582,geraianugera30@yahoo.com,2026-04-27,devraj.pillai@example-ops.test,A007,2
Pusat Jaya,Grocery & Convenience,Southern,070287033,pusatjaya73@gmail.com,2026-02-26,devraj.pillai@example-ops.test,A008,0
Sejahtera Fajar Holdings,Home & Living,Central,036394337,sejahterafaj25@yahoo.com,2026-01-15,aishah.rahman@example-ops.test,A009,0
Gerai Kasih,Fashion & Apparel,East Coast,093430259,geraikasih59@gmail.com,2026-02-26,nurul.huda@example-ops.test,A010,1
Warung Impian Trading,Food & Beverage,Northern,046101404,warungimpian60@gmail.com,2026-05-21,weiming.tan@example-ops.test,A012,0
Harmoni Jaya Enterprise,Fashion & Apparel,East Coast,098654304,harmonijayae15@outlook.com,2026-02-09,nurul.huda@example-ops.test,A016,0
The Selera Sdn Bhd,Health & Beauty,Sabah,0889912118,theselerasdn87@yahoo.com,2026-01-27,jeffrey.lojuki@example-ops.test,A017,1
Maju Jaya Trading,Electronics & Repair,Southern,074665465,majujayatrad81@gmail.com,2026-03-26,devraj.pillai@example-ops.test,A018,1
The Harapan Sdn Bhd,Food & Beverage,Central,033491690,theharapansd70@biz.test,2026-05-26,aishah.rahman@example-ops.test,A019,0
Sejahtera Bahagia Resources,Home & Living,Northern,041920802,sejahterabah35@yahoo.com,2026-01-19,weiming.tan@example-ops.test,A021,0
Kedai Anugerah Holdings,Electronics & Repair,Sarawak,0821725355,kedaianugera66@yahoo.com,2026-02-03,margaret.anyi@example-ops.test,A023,0
Sinar Harapan Trading,Health & Beauty,East Coast,097683051,sinarharapan18@gmail.com,2026-02-10,nurul.huda@example-ops.test,A024,1
Gerai Bahagia,Home & Living,Sabah,0889742105,geraibahagia30@biz.test,2026-02-13,jeffrey.lojuki@example-ops.test,A026,1
Bestari Kasih,Food & Beverage,Sabah,0887526770,bestarikasih2@gmail.com,2026-04-08,jeffrey.lojuki@example-ops.test,A027,0
Syarikat Mutiara Enterprise,Electronics & Repair,East Coast,092433024,syarikatmuti88@yahoo.com,2026-02-17,nurul.huda@example-ops.test,A029,0
Harmoni Harapan Holdings,Fashion & Apparel,Sabah,0889393238,harmoniharap19@yahoo.com,2026-02-05,jeffrey.lojuki@example-ops.test,A032,0
Kedai Kasih Holdings,Fashion & Apparel,Central,038874169,kedaikasihho53@gmail.com,2026-01-07,aishah.rahman@example-ops.test,A034,1
The Harapan & Sons,Professional Services,Northern,041309599,theharapanso39@biz.test,2026-04-21,weiming.tan@example-ops.test,A035,0
Gerai Emas & Sons,Home & Living,Southern,074781139,geraiemasson51@biz.test,2026-03-21,devraj.pillai@example-ops.test,A037,0
Bestari Bahagia Sdn Bhd,Grocery & Convenience,Sabah,0883257725,bestaribahag18@gmail.com,2026-02-01,jeffrey.lojuki@example-ops.test,A038,0
Pusat Selera Trading,Electronics & Repair,Southern,072831105,pusatselerat13@outlook.com,2026-05-11,devraj.pillai@example-ops.test,A040,0
Kedai Emas & Sons,Electronics & Repair,East Coast,092191421,kedaiemasson85@gmail.com,2026-01-10,nurul.huda@example-ops.test,A041,0
Bestari Impian Enterprise,Food & Beverage,Sabah,0889380153,bestariimpia65@outlook.com,2026-02-10,jeffrey.lojuki@example-ops.test,A042,0
Maju Mutiara,Health & Beauty,Northern,049579056,majumutiara70@gmail.com,2026-03-01,weiming.tan@example-ops.test,A043,0
Sinar Lestari Trading,Food & Beverage,Southern,079050865,sinarlestari67@gmail.com,2026-05-07,devraj.pillai@example-ops.test,A044,0
Syarikat Mutiara Sdn Bhd,Health & Beauty,Sabah,0882557461,syarikatmuti42@outlook.com,2026-01-19,jeffrey.lojuki@example-ops.test,A048,0
Pusat Bahagia & Sons,Electronics & Repair,Southern,078677415,pusatbahagia55@gmail.com,2026-05-14,devraj.pillai@example-ops.test,A049,0
Gerai Cemerlang Enterprise,Food & Beverage,East Coast,091399311,geraicemerla81@gmail.com,2026-04-15,nurul.huda@example-ops.test,A051,0
Harmoni Impian Enterprise,Home & Living,Sabah,0888926088,harmoniimpia80@gmail.com,2026-04-06,jeffrey.lojuki@example-ops.test,A052,0
Harmoni Selera Enterprise,Health & Beauty,Sarawak,0824463960,harmoniseler40@yahoo.com,2026-04-26,margaret.anyi@example-ops.test,A053,0
Maju Cemerlang Trading,Food & Beverage,East Coast,095423001,majucemerlan1@outlook.com,2026-02-26,nurul.huda@example-ops.test,A055,0
Maju Lestari Sdn Bhd,Grocery & Convenience,Northern,046494486,majulestaris38@yahoo.com,2026-02-07,weiming.tan@example-ops.test,A056,0
Sinar Selera & Sons,Home & Living,Sabah,0881985722,sinarseleras95@gmail.com,2026-05-04,jeffrey.lojuki@example-ops.test,A057,0
Warung Selera Resources,Home & Living,Southern,075270060,warungselera96@outlook.com,2026-03-19,devraj.pillai@example-ops.test,A061,0
Kedai Selera Resources,Professional Services,Central,037306537,kedaiselerar87@outlook.com,2026-04-28,aishah.rahman@example-ops.test,A063,0
Warung Lestari & Sons,Health & Beauty,Sabah,0882907413,warunglestar71@biz.test,2026-04-14,jeffrey.lojuki@example-ops.test,A064,0
Sinar Damai Trading,Grocery & Convenience,Central,034018582,sinardamaitr31@biz.test,2026-02-12,aishah.rahman@example-ops.test,A067,0
Sinar Bahagia,Professional Services,Northern,046987361,sinarbahagia13@outlook.com,2026-02-10,weiming.tan@example-ops.test,B002,1
Kedai Lestari,Electronics & Repair,Sarawak,0829536169,kedailestari13@yahoo.com,2026-05-25,margaret.anyi@example-ops.test,B004,0
Pusat Impian Holdings,Home & Living,Sabah,0881700345,pusatimpianh73@biz.test,2026-04-05,jeffrey.lojuki@example-ops.test,B005,1
Gerai Lestari Holdings,Professional Services,Southern,075305517,gerailestari68@gmail.com,2026-02-01,devraj.pillai@example-ops.test,B006,0
Syarikat Lestari Sdn Bhd,Health & Beauty,Southern,079039025,syarikatlest91@outlook.com,2026-02-05,devraj.pillai@example-ops.test,B009,0
Kedai Anugerah Sdn Bhd,Health & Beauty,Southern,078450629,kedaianugera93@outlook.com,2026-02-27,devraj.pillai@example-ops.test,B011,0
Pusat Anugerah Resources,Grocery & Convenience,Central,032689712,pusatanugera47@biz.test,2026-04-13,aishah.rahman@example-ops.test,B012,0
Harmoni Gemilang Trading,Electronics & Repair,Sarawak,0828484667,harmonigemil26@biz.test,2026-03-18,margaret.anyi@example-ops.test,B013,0
Kedai Impian Sdn Bhd,Fashion & Apparel,Northern,049883114,kedaiimpians23@yahoo.com,2026-01-15,weiming.tan@example-ops.test,B014,0
Warung Kasih Resources,Electronics & Repair,Northern,046730950,warungkasihr8@outlook.com,2026-01-07,weiming.tan@example-ops.test,B015,1
Harmoni Bahagia Enterprise,Electronics & Repair,Northern,044312256,harmonibahag15@outlook.com,2026-03-25,weiming.tan@example-ops.test,B016,0
Sejahtera Anugerah Enterprise,Food & Beverage,Northern,040624441,sejahteraanu24@biz.test,2026-01-25,weiming.tan@example-ops.test,B021,0
Restoran Jaya & Sons,Professional Services,East Coast,097239025,restoranjaya85@yahoo.com,2026-05-15,nurul.huda@example-ops.test,B022,1
Sejahtera Gemilang Resources,Health & Beauty,East Coast,096535011,sejahteragem30@gmail.com,2026-01-14,nurul.huda@example-ops.test,B024,0
Pusat Gemilang Resources,Health & Beauty,East Coast,090484747,pusatgemilan3@gmail.com,2026-01-20,nurul.huda@example-ops.test,B026,0
Harmoni Fajar Holdings,Food & Beverage,Sarawak,0827033736,harmonifajar24@gmail.com,2026-02-21,margaret.anyi@example-ops.test,B028,0
Maju Damai Sdn Bhd,Fashion & Apparel,Northern,041711977,majudamaisdn89@outlook.com,2026-04-28,weiming.tan@example-ops.test,B033,0
Bestari Fajar Enterprise,Health & Beauty,Sabah,0889532296,bestarifajar99@yahoo.com,2026-02-09,jeffrey.lojuki@example-ops.test,B034,0
Gerai Bahagia & Sons,Grocery & Convenience,Central,032747089,geraibahagia90@biz.test,2026-02-02,aishah.rahman@example-ops.test,B035,0
Warung Anugerah,Health & Beauty,Sabah,0884363886,warunganuger83@outlook.com,2026-04-15,jeffrey.lojuki@example-ops.test,B036,1
Warung Impian Trading,Health & Beauty,Sarawak,0824474128,warungimpian62@yahoo.com,2026-03-15,margaret.anyi@example-ops.test,B037,1
Maju Bahagia,Professional Services,East Coast,090400441,majubahagia1@yahoo.com,2026-03-07,nurul.huda@example-ops.test,B038,0
Kedai Cemerlang Enterprise,Food & Beverage,East Coast,097885798,kedaicemerla86@gmail.com,2026-05-07,nurul.huda@example-ops.test,B039,0
Harmoni Anugerah Resources,Grocery & Convenience,Sarawak,0821758338,harmonianuge73@gmail.com,2026-02-05,margaret.anyi@example-ops.test,B040,0
Sinar Mutiara Enterprise,Fashion & Apparel,Sarawak,0824781102,sinarmutiara63@yahoo.com,2026-05-13,margaret.anyi@example-ops.test,B041,1
Harmoni Selera Sdn Bhd,Home & Living,East Coast,094122687,harmoniseler10@gmail.com,2026-04-09,nurul.huda@example-ops.test,B045,0
Sinar Fajar & Sons,Home & Living,Sarawak,0828640167,sinarfajarso53@outlook.com,2026-03-04,margaret.anyi@example-ops.test,B046,0
Gerai Cemerlang Resources,Fashion & Apparel,East Coast,095469297,geraicemerla15@biz.test,2026-01-01,nurul.huda@example-ops.test,B047,0
The Cemerlang Enterprise,Fashion & Apparel,East Coast,093566734,thecemerlang27@biz.test,2026-03-21,nurul.huda@example-ops.test,B048,0
Restoran Fajar & Sons,Professional Services,Northern,045703755,restoranfaja56@outlook.com,2026-02-05,weiming.tan@example-ops.test,B049,0
Pusat Gemilang,Health & Beauty,East Coast,099511964,pusatgemilan37@outlook.com,2026-05-08,nurul.huda@example-ops.test,B050,0
Sejahtera Harapan Holdings,Health & Beauty,Southern,078467062,sejahterahar3@biz.test,2026-02-15,devraj.pillai@example-ops.test,B051,0
Kedai Damai Sdn Bhd,Fashion & Apparel,Southern,078768792,kedaidamaisd53@gmail.com,2026-05-03,devraj.pillai@example-ops.test,B052,0
Gerai Anugerah & Sons,Professional Services,Sarawak,0825052580,geraianugera89@outlook.com,2026-03-10,margaret.anyi@example-ops.test,B053,0
The Mutiara Trading,Grocery & Convenience,Sarawak,0820043310,themutiaratr38@yahoo.com,2026-03-04,margaret.anyi@example-ops.test,B054,0
Sejahtera Damai Enterprise,Health & Beauty,Central,035631734,sejahteradam72@gmail.com,2026-04-22,aishah.rahman@example-ops.test,B055,0
Sejahtera Impian Resources,Food & Beverage,Sabah,0889608092,sejahteraimp54@outlook.com,2026-04-27,jeffrey.lojuki@example-ops.test,B056,0
Harmoni Impian Enterprise,Electronics & Repair,Central,034325871,harmoniimpia36@biz.test,2026-03-10,aishah.rahman@example-ops.test,B057,0
Maju Fajar,Electronics & Repair,Sabah,0885466374,majufajar23@yahoo.com,2026-04-18,jeffrey.lojuki@example-ops.test,B061,0
Bestari Anugerah Sdn Bhd,Fashion & Apparel,Northern,043293882,bestarianuge93@biz.test,2026-01-27,weiming.tan@example-ops.test,B063,0
Harmoni Damai Resources,Electronics & Repair,Northern,042780626,harmonidamai85@gmail.com,2026-05-24,weiming.tan@example-ops.test,B064,0
Kedai Damai Resources,Health & Beauty,Sabah,0886431283,kedaidamaire50@gmail.com,2026-05-17,jeffrey.lojuki@example-ops.test,C003,0
Sejahtera Lestari Enterprise,Professional Services,Northern,040359626,sejahterales40@biz.test,2026-02-28,weiming.tan@example-ops.test,C004,1
Maju Gemilang Sdn Bhd,Health & Beauty,Sabah,0881533312,majugemilang54@gmail.com,2026-01-07,jeffrey.lojuki@example-ops.test,C005,0
Gerai Impian Enterprise,Food & Beverage,Sabah,0885592492,geraiimpiane92@gmail.com,2026-03-27,jeffrey.lojuki@example-ops.test,C007,1
Bestari Impian Resources,Fashion & Apparel,Southern,076555654,bestariimpia28@gmail.com,2026-03-28,devraj.pillai@example-ops.test,C011,0
Harmoni Selera,Fashion & Apparel,Southern,075521589,harmoniseler16@yahoo.com,2026-04-08,devraj.pillai@example-ops.test,C012,0
Syarikat Harapan Sdn Bhd,Grocery & Convenience,Northern,044224455,syarikathara35@yahoo.com,2026-04-22,weiming.tan@example-ops.test,C013,0
Bestari Kasih,Professional Services,Sarawak,0822834940,bestarikasih73@biz.test,2026-04-13,margaret.anyi@example-ops.test,C015,0
Syarikat Lestari Trading,Health & Beauty,Northern,042885363,syarikatlest69@outlook.com,2026-05-02,weiming.tan@example-ops.test,C017,0
Syarikat Selera Holdings,Fashion & Apparel,East Coast,098046895,syarikatsele81@yahoo.com,2026-02-08,nurul.huda@example-ops.test,C018,0
Warung Cemerlang,Home & Living,Central,038811237,warungcemerl6@biz.test,2026-05-09,aishah.rahman@example-ops.test,C019,0
Sinar Gemilang,Fashion & Apparel,Northern,043800895,sinargemilan49@gmail.com,2026-04-14,weiming.tan@example-ops.test,C021,0
Sinar Bahagia Holdings,Professional Services,Sarawak,0825506858,sinarbahagia59@biz.test,2026-04-06,margaret.anyi@example-ops.test,C022,0
Harmoni Lestari Enterprise,Food & Beverage,Northern,045405729,harmonilesta21@outlook.com,2026-02-23,weiming.tan@example-ops.test,C024,0
Gerai Harapan,Electronics & Repair,Northern,045385636,geraiharapan64@gmail.com,2026-01-20,weiming.tan@example-ops.test,C026,0
Kedai Impian & Sons,Electronics & Repair,Sabah,0884748622,kedaiimpians9@yahoo.com,2026-03-21,jeffrey.lojuki@example-ops.test,C027,0
Harmoni Anugerah Trading,Health & Beauty,Sabah,0880429000,harmonianuge61@outlook.com,2026-02-21,jeffrey.lojuki@example-ops.test,C029,0
Harmoni Bahagia Sdn Bhd,Fashion & Apparel,Central,039731731,harmonibahag8@yahoo.com,2026-04-14,aishah.rahman@example-ops.test,C030,0
Sejahtera Fajar Trading,Health & Beauty,Northern,046587479,sejahterafaj35@gmail.com,2026-05-24,weiming.tan@example-ops.test,C033,0
Sinar Anugerah Trading,Health & Beauty,Sarawak,0822011219,sinaranugera12@gmail.com,2026-04-11,margaret.anyi@example-ops.test,C035,0
Maju Selera Enterprise,Home & Living,Northern,049347505,majuseleraen90@gmail.com,2026-03-28,weiming.tan@example-ops.test,C037,1
Restoran Cemerlang Holdings,Home & Living,Central,038846251,restoranceme74@outlook.com,2026-01-08,aishah.rahman@example-ops.test,C041,0
Restoran Mutiara Holdings,Health & Beauty,East Coast,090764006,restoranmuti72@yahoo.com,2026-04-15,nurul.huda@example-ops.test,C043,0
Sinar Fajar Resources,Electronics & Repair,East Coast,099777694,sinarfajarre9@gmail.com,2026-01-20,nurul.huda@example-ops.test,C044,0
Warung Bahagia Resources,Fashion & Apparel,Northern,043906714,warungbahagi92@outlook.com,2026-02-24,weiming.tan@example-ops.test,C045,0
Warung Kasih Trading,Fashion & Apparel,Sabah,0882194478,warungkasiht50@outlook.com,2026-03-04,jeffrey.lojuki@example-ops.test,C046,0
Harmoni Gemilang,Electronics & Repair,East Coast,091030216,harmonigemil95@biz.test,2026-04-20,nurul.huda@example-ops.test,C047,0
Gerai Cemerlang Holdings,Food & Beverage,Northern,045010357,geraicemerla74@biz.test,2026-02-27,weiming.tan@example-ops.test,C048,1
The Selera Enterprise,Home & Living,East Coast,092244216,theseleraent56@outlook.com,2026-05-07,nurul.huda@example-ops.test,C052,0
Bestari Gemilang Enterprise,Food & Beverage,East Coast,090541417,bestarigemil31@yahoo.com,2026-02-18,nurul.huda@example-ops.test,C053,0
Gerai Impian Trading,Professional Services,Central,037176989,geraiimpiant79@outlook.com,2026-05-24,aishah.rahman@example-ops.test,C054,0
Gerai Selera Enterprise,Home & Living,Sabah,0887687530,geraiselerae49@outlook.com,2026-01-16,jeffrey.lojuki@example-ops.test,C056,0
Gerai Lestari Holdings,Grocery & Convenience,Northern,049548583,gerailestari61@yahoo.com,2026-02-01,weiming.tan@example-ops.test,C057,0
Warung Cemerlang Holdings,Grocery & Convenience,Central,035738555,warungcemerl50@biz.test,2026-03-28,aishah.rahman@example-ops.test,C058,0
Syarikat Impian Sdn Bhd,Grocery & Convenience,Central,039222755,syarikatimpi29@outlook.com,2026-05-26,aishah.rahman@example-ops.test,C059,0
Bestari Jaya & Sons,Food & Beverage,Southern,072330278,bestarijayas75@biz.test,2026-05-07,devraj.pillai@example-ops.test,C060,0
